,0
0,@MyMasksOfficial Awesome post.
1,@ArjunB9591 Whatever training u provided was awesome and pirating is pathetic. As you mentioned because of one persâ€¦ https://t.co/Ft7H0v2Q9c
2,This is so awesome --&gt; hilarious all the fish
3,RT @KayaJones: Awesome ğŸ‘ğŸ¼ thank you @realdonaldtrump https://t.co/1o41iao0YP
4,"@nekuthebooklock Mangos and Mistletoe had some ğŸ”¥ğŸ”¥ğŸ”¥ sex scenes, This Is How You Lose the Time War was my favorite boâ€¦ https://t.co/Zcvhf74q8g"
5,"RT @allaboutPSJ: Park Seo Joon confirmed to appear in the 2021 movie ""Concrete Utopia "". 
Â© Awesome Entertainment https://t.co/MyKW9Xk2B6"
6,@EdgelordPsychic awesome https://t.co/Q6NvN4B57c
7,RT @mikesaltsman194: last nights full #moonrise #moon she was beautiful awesome reddish orange more to come later @CanonUKandIE @CanonEMEApâ€¦
8,Awesome clothing with Welsh designs https://t.co/jEN34kph8M #wales #cymru
9,@sisanda_aluta You are awesome.  You know how to laugh. Just find more people who can make you laugh
10,@deathchan11 Steamed broccoli awesome
11,@Samuelgoodf123 @tasteclubltd So happy you liked em!! @tasteclubltd are awesome eh?
12,"An electric stick-man try to push away a cloud over my city tonight! (awesome pic, and yes, I live there, in that câ€¦ https://t.co/zyc4pYyNsS"
13,"Big fan dyno sir ....OnePlus Nord 5G @amazonIn  always the most powerful and sexiest phones, witnessed the first onâ€¦ https://t.co/jlFCwe6O3j"
14,@Elian36043711 @Amy_Siskind @realDonaldTrump Hahah awesome. Ya he's a dam perv aint he???
15,Custom 3D-printed Batgirl figure made by @andreomagno! What an awesome birthday gift. Will probably never not be aâ€¦ https://t.co/StgYp6s7ME
16,"I just found out I never really commented on the ""Your Excellency"" movie.
Great movie. Beautiful satire. Awesome scâ€¦ https://t.co/MOsadv1k8q"
17,"RT @TheFigen: Awesome! ğŸ‘ŒğŸ‘Œ

https://t.co/U9xNQLdsaf"
18,Richmonds ability to spread &amp; create space by quick hands through the middle is just awesome. They have paddocks of room compared to us.
19,"@unlimitedworks_ Dude i forgot ben 10 existed holy crap, awesome piece my dude"
20,@Riedge4 This is awesome!! (and yes)
21,RT @_dirkjan: Been a long day but thanks to @gentilkiwi's awesome new mimikatz CloudAP support we managed to put together tooling that canâ€¦
22,"FINALLY ! I got time to finished this amazing book. A fantastic insight into being a cop by @DC_ARVSgt whom, when yâ€¦ https://t.co/jYdEo7XNE1"
23,"RT @sunbeam_sc: Good Morning Dear Friends! ğŸƒğŸŒºğŸƒ
This app tells how much time the channel Unus Annus have left! let's all download it to do aâ€¦"
24,"RT @manukumarjain: Wanna WIN a super awesome #Redmi9Prime?

Here's Q8âƒ£. Tweet and tell me:

ğŸ‘‰ #Redmi9Prime comes with _____ mAh BatteryğŸ”‹ anâ€¦"
25,@RealJohnnySnow @TBonesPrimeCuts @MojoMoomey @CarrieKain @RoseVioletDeb @kpfresh73 @LisaYount7 @KathB66 @dlr_fanâ€¦ https://t.co/SzPr6cdJyS
26,@_Flora_Wings_ awesome
27,"RT @WilbethF: @jimmyfallon @FallonTonight , OOSHI!  LOL. AWESOME."
28,RT @Jazkys: so i basically have two moods either letâ€™s do something spontaneous and awesome or letâ€™s just lay in bed all day and forget theâ€¦
29,"RT @danidonovan: Last day of #ADHDAwarenessMonth!

A lot of people are AWARE of #ADHD. But that doesnâ€™t mean they understand.

For all my pâ€¦"
30,@Ubandomajr @Queen_Azara Awesome ğŸ˜ğŸ˜
31,@blackcircles @YokohamaTC Awesome giveaway ğŸ¤
32,"@ParshAgasar @LingayyaVishnu Yeah....true 
His acting skills were awesome"
33,@8ballpool pls make full black table it will look awesome
34,"Mass Arrests &amp; Executions  #DraintheSwamp https://t.co/ihNK4UGd9g via @YouTube
Save this and watch. Michael of Theâ€¦ https://t.co/h3bsBt0Spr"
35,"RT @andreastmusic: When not doing music, I am having fun with blender. Still following tutorials for now but I am quite happy with the resuâ€¦"
36,RT @KayaJones: Awesome ğŸ‘ğŸ¼ thank you @realdonaldtrump https://t.co/1o41iao0YP
37,RT @bellaluz88: @mjgranger1 @Trudginon1 @realDonaldTrump @charliebebus @Rickt1966Rt @taliban2214 @ENOMAI_ @wwp @jose22780 @laker477 @BM_artâ€¦
38,@TheHairyTog Awesome pic. Where is that ?
39,RT @steerwithmyrear: I can finally share this awesome experience. Thanks to the 99 ERS for being wonderful hosts. #tyresqueal https://t.co/â€¦
40,@TFNGenny Hehe... Now that is a full-time job in itself! ğŸ˜‚ Thank you Genny... You keep being awesome ğŸ‘ğŸ˜Š
41,RT @Sandernista412: Colorado is Fucking awesome
42,RT @GrayMarker99: Awesome afternoon out with @seaofwhalesnl whale watching. What an amazing experience if you're visiting the Bonavista Penâ€¦
43,Good luck to everyone in Scotland awaiting results today esp. my awesome nieces and Jack who wrote this incredibleâ€¦ https://t.co/1aYhW83oUy
44,"RT @SSAADevotees: Awesome Fan made edit by @StylishDj1 ğŸ’¥ğŸ’¥

#AlluArjun || #Pushpa || #AlluArjunTrendOnAug29th || https://t.co/G79EQ7KpB3"
45,"â€˜Tick tockâ€™, listen to â€˜oligarchical collectivismâ€™ inspired by #Orwell written in #newspeak on this awesome playlisâ€¦ https://t.co/3MIp8EKrhZ"
46,"@Q_Review If you want a good podcast network try gigaboots, it's 4-5 white guys who torture each other by watchingâ€¦ https://t.co/LrhMKo4w5l"
47,"@author_josie Who could hate you, Josie? You are awesome. ğŸ’œ"
48,@Aadii_Sawant @amazonIN You are awesome
49,"RT @mersal_hareeth: Fan made poster for #master movie.. 
Awesome, marvellous, nice.. 
#Master #anirudh #vijay #malavika

@007_hrithik @Mersâ€¦"
50,"RT @manukumarjain: This one is super awesome! ğŸ¥‡

Along with a protective case in the box, you also get a pre-installed Screen Protector witâ€¦"
51,@Mike_Pence @WhiteHouse You're awesome Mr. VP.
52,@Independent Awesome https://t.co/lYtzZrn9Ft
53,@ifejesuni That's awesome
54,"RT @ElizabethNibiru: #TitansAppreciateTacha 
ğŸ˜ we appreciate you for being a great person for yourself and people around you 
ğŸ’•ğŸ’•ğŸ”±

T..Triumâ€¦"
55,@GoodNotesApp audio recordings linked to the  annotations would be AWESOME!!
56,Where did the casting director find such an amazing Trump lookalike actor...awesome? Great script too. Can't wait fâ€¦ https://t.co/kiahErtlnh
57,Awesome to see Swansea has been ranked 4th best place in the UK to set up a new business. That makes sense with theâ€¦ https://t.co/Sma6Dcvn5c
58,"@manukumarjain @baxiabhishek Awesome smartphone #PrimetimeAllrounder ,I like this #Redmi9Prime"
59,@yemi_bash Awesome.
60,"RT @mersal_hareeth: Fan made poster for #master movie.. 
Awesome, marvellous, nice.. 
#Master #anirudh #vijay #malavika

@007_hrithik @Mersâ€¦"
61,@goliveira That was awesome! It was a blast to have you guys! We would have loved to do something like that this yeâ€¦ https://t.co/crElLYjuL2
62,"RT @ExtraLife4Kids: @MGamingReal Wishing you a healthy and speedy recovery, Mark. Looking forward to an awesome weekend - thank you for youâ€¦"
63,"Twice in the last few days, such an awesome bridge https://t.co/yzDc8zN8RG"
64,"RT @allaboutPSJ: Park Seo Joon confirmed to appear in the 2021 movie ""Concrete Utopia "". 
Â© Awesome Entertainment https://t.co/MyKW9Xk2B6"
65,RT @jinpaynus: Itâ€™s so awesome having a literally r*tarded President
66,@esbilgic11 Your ads is awesome we are waiting for your next add please  also try to work in pakistan i drama and fâ€¦ https://t.co/NET2xo2FOk
67,"RT @dinahkanky: Tacha is the most wonderful person in this world
She has a big heart 
She has the desire 2 make the world a better place
Shâ€¦"
68,RT @KayaJones: Awesome ğŸ‘ğŸ¼ thank you @realdonaldtrump https://t.co/1o41iao0YP
69,"RT @andreastmusic: When not doing music, I am having fun with blender. Still following tutorials for now but I am quite happy with the resuâ€¦"
70,"RT @manukumarjain: Wanna WIN a super awesome #Redmi9Prime?

Here's Q8âƒ£. Tweet and tell me:

ğŸ‘‰ #Redmi9Prime comes with _____ mAh BatteryğŸ”‹ anâ€¦"
71,@sinatra_s Awesome!
72,"RT @Jetseeofficial: Sampled some old Twilight Zone tapes as part of the new mixtape 'Aperture' for @collabor8tweets

Peep the full song andâ€¦"
73,"RT @AnjaliS63617184: @Imkgauravmishra @LohiaDeepshikha @Republic_Bharat Awesome news
#NitishKumarForCBI
#IndiaScreamsCBI4SSR 
#BabyPenguinâ€¦"
74,"RT @kleinmone: @MtK__Design @Attairdu57slm Too bad that I will never need that icon, it looks dope .. awesome work Michel ğŸ˜ğŸ‘ŒğŸ¼"
75,@tomsava89737253 @janewildexxx @Brazzers looks awesome. what's the height difference between Jane and Rocky?
76,"RT @SB19Official: Hi, A'TIN &amp; #TeamGalaxy! Join us as we groove to the tune of the awesome song to win AWESOME prizes! Just show off your dâ€¦"
77,@Sab__G Dads are awesome.
78,@venusakingba @ManUtd @leomMUFC @adidasfootball Awesome
79,@dmurukesh @bipsluvurself SOOOOOOOOOO AWESOME BIPS!!!!!! â¤ï¸â¤ï¸â¤ï¸â¤ï¸â¤ï¸â¤ï¸â¤ï¸â¤ï¸â¤ï¸â¤ï¸
80,"Good morning...STOP holding to people you were ment to let go of along time ago,..You may never reach your full andâ€¦ https://t.co/U0jkMDf88a"
81,RT @FF_LeapOfFaith: So awesome she needed THREE names to contain it. Stoked!
82,"RT @manukumarjain: Wanna WIN a super awesome #Redmi9Prime?

Here's Q8âƒ£. Tweet and tell me:

ğŸ‘‰ #Redmi9Prime comes with _____ mAh BatteryğŸ”‹ anâ€¦"
83,@M00NSVT jisung awesome
84,"Awesome broğŸ˜Š
#Aadii_sawant #AmazonSpecialsOnePlusNord5G https://t.co/GwEiTmeoVM"
85,"This one is awesome (I mean they all are but)

One of my favourite levels from TRIII and among the hardest! https://t.co/CRinM5Ucc6"
86,@jaehyunlovesyu Ur manifesting powers are awesome
87,Amazon ka service is awesome bro.I love ONEPLUS all models.oneplus nord 5g is specially built for gaming.if u decidâ€¦ https://t.co/FPfs4YjzYR
88,"RT @Karemortiz1986: GraphQL here we go! #100DaysOfCode D2! ğŸ¥³ğŸ¥³ğŸ¥³
Awesome backend server tool with @HasuraHQ https://t.co/aHpYGCJDva"
89,RT @lumide0b: @AWESOME_MINDS @peteregwuatu @MusaHas60368840 @ulunwa_igbo1 @ref_ng What exactly did you want us to read in the article? Thisâ€¦
90,@jaxel222 @AnnieGabstonH Katie's awesome.
91,"@OnFireAnders and sometimes its also about the people you work with, if they make it a good time while you are prodâ€¦ https://t.co/aHC2tHO9Kz"
92,@Tilbo_Tweets @2AngryGamers Gutted they cut out Bongs reaction! His reactions to ruinings are awesome! His amusemenâ€¦ https://t.co/tmukBKuljT
93,"@Reeyaness Have an awesome chooseday, choose only the best."
94,RT @EuniceSiam: Awesome!!! https://t.co/bboNmJl8AA
95,@miyagiie @KyleWarrenEdwa2 Why not? They look awesome
96,RT @KayaJones: Awesome ğŸ‘ğŸ¼ thank you @realdonaldtrump https://t.co/1o41iao0YP
97,"RT @roonlabs: Our awesome friends @qobuz have just made this summer holiday even better! ğŸ˜

Enjoy a curated selection of albums in hi-res +â€¦"
98,RT @7432Abbas: @AliShanawar1 birthday is so close .only 12 days left plz join this hashtag and join this awesome trend #HBD_Ali_Shanawar htâ€¦
99,Awesome!!  ğŸ˜Š ğŸ˜Š  Thanks for the opportunity!  @PillionConnie @jennsommer24 https://t.co/e5u6w1wYPh https://t.co/98B5qXGecN
